Customer_ID,Customer_Revenue,Customer_Profit,Purchase_Count,First_Purchase,Last_Purchase,Region,Segment,Repeat_Customer,Customer_Lifespan_Days,Value_Segment,Days_Since_Last_Purchase,Inactive_180d
CUST-00001,44826.57,12668.08,23,2023-08-06,2025-09-05,East,Consumer,True,761,Mid,113,False
CUST-00002,55914.84,16570.73,12,2023-07-07,2025-11-16,South,Home Office,True,863,Mid,41,False
CUST-00003,115865.79000000001,18425.52,45,2023-07-03,2025-10-06,Central,Corporate,True,826,High,82,False
CUST-00004,49967.05,11874.789999999999,13,2024-08-23,2025-10-31,West,Consumer,True,434,Mid,57,False
CUST-00005,8766.960000000001,2918.96,4,2023-12-27,2024-11-15,West,Home Office,True,324,Low,407,True
CUST-00006,67676.74,16433.309999999998,21,2023-11-30,2025-11-04,South,Home Office,True,705,High,53,False
CUST-00007,29476.89,4659.110000000001,8,2024-02-25,2025-08-06,East,Consumer,True,528,Low,143,False
CUST-00008,22940.56,6686.209999999999,3,2025-01-30,2025-10-23,Central,Corporate,True,266,Low,65,False
CUST-00009,9701.210000000001,1741.73,4,2023-11-08,2025-08-19,East,Consumer,True,650,Low,130,False
CUST-00010,41747.49,12016.76,12,2024-04-28,2025-08-07,East,Home Office,True,466,Mid,142,False
CUST-00011,10608.17,1372.04,4,2024-11-22,2025-08-06,Central,Corporate,True,257,Low,143,False
CUST-00012,16059.23,4973.02,5,2024-02-25,2025-02-06,South,Corporate,True,347,Low,324,True
CUST-00013,13221.640000000001,5355.77,4,2024-04-07,2025-11-07,Central,Consumer,True,579,Low,50,False
CUST-00014,30559.49,8439.14,7,2024-11-28,2025-11-27,South,Home Office,True,364,Mid,30,False
CUST-00015,81029.2,19266.309999999998,9,2024-05-31,2025-03-10,Central,Consumer,True,283,High,292,True
CUST-00016,16251.58,6089.41,7,2024-05-27,2025-01-24,South,Consumer,True,242,Low,337,True
CUST-00017,10390.08,2539.45,3,2024-06-14,2025-09-06,Central,Consumer,True,449,Low,112,False
CUST-00018,25805.85,5057.48,6,2023-11-11,2025-07-04,East,Corporate,True,601,Low,176,False
CUST-00019,49934.14,13459.01,13,2023-11-29,2025-11-28,South,Consumer,True,730,Mid,29,False
CUST-00020,28960.41,7619.6,6,2023-05-04,2025-10-18,West,Home Office,True,898,Low,70,False
CUST-00021,55374.78,14027.630000000001,16,2023-10-15,2025-12-07,Central,Corporate,True,784,Mid,20,False
CUST-00022,8651.220000000001,1337.63,6,2023-10-30,2025-08-05,West,Consumer,True,645,Low,144,False
CUST-00023,13364.48,3595.7799999999997,2,2024-04-13,2024-04-15,East,Consumer,True,2,Low,621,True
CUST-00024,6825.780000000001,1343.88,6,2023-07-26,2025-09-29,South,Consumer,True,796,Low,89,False
CUST-00025,23631.98,3157.41,12,2023-04-29,2025-07-08,South,Corporate,True,801,Low,172,False
CUST-00026,30076.07,6001.03,12,2023-06-07,2025-08-24,Central,Corporate,True,809,Mid,125,False
CUST-00027,93635.23,25972.19,20,2023-09-26,2025-08-01,West,Consumer,True,675,High,148,False
CUST-00028,17076.95,4326.49,7,2024-05-03,2025-06-08,South,Corporate,True,401,Low,202,True
CUST-00029,21545.65,3647.13,9,2023-05-16,2025-07-17,Central,Consumer,True,793,Low,163,False
CUST-00030,30059.19,7577.66,8,2023-03-06,2025-10-09,West,Corporate,True,948,Mid,79,False
CUST-00031,34195.5,9160.93,5,2023-03-18,2025-08-26,West,Home Office,True,892,Mid,123,False
CUST-00032,27394.12,4632.885,5,2024-02-07,2025-07-29,East,Corporate,True,538,Low,151,False
CUST-00033,17738.56,3006.73,7,2023-12-27,2025-10-03,East,Corporate,True,646,Low,85,False
CUST-00034,3869.1,588.37,5,2024-03-23,2025-11-24,Central,Corporate,True,611,Low,33,False
CUST-00035,5918.92,945.31,3,2025-02-03,2025-12-02,South,Consumer,True,302,Low,25,False
CUST-00036,84588.27,20456.63,21,2023-06-30,2025-11-12,East,Consumer,True,866,High,45,False
CUST-00037,53179.39,13661.0,38,2023-05-26,2025-09-11,South,Consumer,True,839,Mid,107,False
CUST-00038,33343.96000000001,7342.38,8,2024-09-10,2025-08-21,South,Consumer,True,345,Mid,128,False
CUST-00039,18425.07,4184.13,8,2023-09-13,2025-09-22,West,Corporate,True,740,Low,96,False
CUST-00040,46093.59,11687.86,13,2023-12-22,2025-11-03,Central,Corporate,True,682,Mid,54,False
CUST-00041,11799.79,2973.2799999999997,4,2024-07-24,2025-11-08,East,Home Office,True,472,Low,49,False
CUST-00042,50384.87,10329.32,15,2023-07-14,2025-08-21,South,Consumer,True,769,Mid,128,False
CUST-00043,54979.47,12189.64,14,2023-04-10,2025-11-01,Central,Corporate,True,936,Mid,56,False
CUST-00044,84722.06999999999,27560.66,26,2023-02-20,2025-10-05,West,Consumer,True,958,High,83,False
CUST-00045,156961.47,39050.43,39,2023-06-25,2025-11-28,East,Consumer,True,887,High,29,False
CUST-00046,25483.36,6648.22,6,2023-11-16,2025-08-12,South,Corporate,True,635,Low,137,False
CUST-00047,54192.41,12746.4,15,2023-05-25,2025-10-29,West,Home Office,True,888,Mid,59,False
CUST-00048,29951.21,8350.89,10,2023-05-04,2025-08-28,South,Corporate,True,847,Low,121,False
CUST-00049,13561.56,3295.72,4,2024-06-01,2025-07-14,Central,Consumer,True,408,Low,166,False
CUST-00050,6104.59,2197.34,3,2023-11-26,2025-09-07,South,Corporate,True,651,Low,111,False
CUST-00051,153358.28,33535.81,41,2023-05-19,2025-12-14,South,Consumer,True,940,High,13,False
CUST-00052,20821.77,3908.29,5,2023-12-03,2025-05-07,East,Home Office,True,521,Low,234,True
CUST-00053,51108.03,11201.73,10,2023-11-08,2025-07-27,West,Corporate,True,627,Mid,153,False
CUST-00054,104708.54,27149.22,24,2023-11-10,2025-10-01,West,Consumer,True,691,High,87,False
CUST-00055,6902.49,2613.75,4,2024-03-31,2025-06-29,West,Consumer,True,455,Low,181,True
CUST-00056,42741.409999999996,14055.75,10,2023-10-13,2025-07-15,East,Consumer,True,641,Mid,165,False
CUST-00057,104466.99,23895.85,33,2023-05-26,2025-10-12,Central,Home Office,True,870,High,76,False
CUST-00058,44563.87,11499.775,12,2023-05-30,2025-10-23,East,Consumer,True,877,Mid,65,False
CUST-00059,9626.800000000001,1839.69,4,2024-06-30,2025-11-17,Central,Corporate,True,505,Low,40,False
CUST-00060,26926.27,7521.65,3,2024-04-07,2025-06-16,Central,Corporate,True,435,Low,194,True
CUST-00061,151038.6,34929.05,41,2023-02-25,2025-10-08,South,Corporate,True,956,High,80,False
CUST-00062,10178.369999999999,2519.21,6,2024-07-08,2025-09-16,Central,Consumer,True,435,Low,102,False
CUST-00063,55644.84,17109.41,9,2024-05-26,2025-10-16,West,Home Office,True,508,Mid,72,False
CUST-00064,23491.8,6272.950000000001,6,2023-10-08,2025-05-22,South,Consumer,True,592,Low,219,True
CUST-00065,9458.86,2030.79,4,2024-05-19,2025-07-11,West,Corporate,True,418,Low,169,False
CUST-00066,155804.88,43766.44,37,2023-02-18,2025-12-12,West,Corporate,True,1028,High,15,False
CUST-00067,24376.52,8503.300000000001,8,2023-06-22,2025-10-18,South,Corporate,True,849,Low,70,False
CUST-00068,115401.64,30596.285,40,2023-11-15,2025-12-12,West,Home Office,True,758,High,15,False
CUST-00069,462.19,90.62,3,2023-10-09,2025-06-26,East,Consumer,True,626,Low,184,True
CUST-00070,31801.32,8831.369999999999,8,2023-08-06,2025-07-07,West,Consumer,True,701,Mid,173,False
CUST-00071,39133.25,7175.09,16,2023-04-12,2025-11-01,South,Consumer,True,934,Mid,56,False
CUST-00072,57446.33,13647.59,6,2023-04-25,2025-08-07,East,Consumer,True,835,Mid,142,False
CUST-00073,7120.969999999999,2316.46,2,2024-05-18,2025-07-31,West,Consumer,True,439,Low,149,False
CUST-00074,53471.66,8179.05,20,2023-04-07,2025-09-27,East,Consumer,True,904,Mid,91,False
CUST-00075,13845.32,2956.7,11,2023-04-28,2025-11-06,Central,Consumer,True,923,Low,51,False
CUST-00076,27687.12,7651.85,10,2023-06-30,2025-10-02,West,Consumer,True,825,Low,86,False
CUST-00077,82989.51000000001,18048.68,23,2023-04-04,2025-12-06,West,Consumer,True,977,High,21,False
CUST-00078,22487.67,7391.0,6,2023-10-24,2025-06-19,East,Corporate,True,604,Low,191,True
CUST-00079,37579.79,7138.35,7,2023-03-14,2025-06-16,Central,Corporate,True,825,Mid,194,True
CUST-00080,1201.71,288.06,2,2024-07-02,2025-03-16,Central,Consumer,True,257,Low,286,True
CUST-00081,63309.99,14105.51,13,2024-01-09,2025-05-15,South,Consumer,True,492,High,226,True
CUST-00082,14498.47,4110.29,5,2023-11-26,2025-09-02,West,Consumer,True,646,Low,116,False
CUST-00083,55857.53,11479.72,12,2023-05-12,2025-09-25,East,Corporate,True,867,Mid,93,False
CUST-00084,3639.1200000000003,320.40999999999997,3,2023-05-12,2025-06-27,South,Consumer,True,777,Low,183,True
CUST-00085,55196.0,14761.060000000001,20,2024-01-31,2025-10-05,Central,Consumer,True,613,Mid,83,False
CUST-00086,15418.09,4502.54,3,2024-08-17,2025-05-03,Central,Consumer,True,259,Low,238,True
CUST-00087,39887.9,7761.1,12,2024-07-24,2025-10-15,East,Consumer,True,448,Mid,73,False
CUST-00088,17089.760000000002,3464.4100000000003,5,2023-06-20,2025-08-25,West,Consumer,True,797,Low,124,False
CUST-00089,49917.3,11577.52,14,2023-03-01,2025-07-01,South,Corporate,True,853,Mid,179,False
CUST-00090,35714.58,1746.94,11,2023-10-05,2025-12-13,South,Corporate,True,800,Mid,14,False
CUST-00091,28423.6,4893.74,9,2023-09-07,2025-10-17,West,Corporate,True,771,Low,71,False
CUST-00092,32393.86,5705.09,18,2023-02-27,2025-11-06,South,Corporate,True,983,Mid,51,False
CUST-00093,21169.38,4801.84,10,2023-09-12,2025-11-24,South,Corporate,True,804,Low,33,False
CUST-00094,1577.28,247.38,4,2024-03-09,2025-11-16,West,Consumer,True,617,Low,41,False
CUST-00095,59122.6,12813.75,20,2023-07-02,2025-11-04,South,Corporate,True,856,Mid,53,False
CUST-00096,27930.410000000003,7459.05,8,2023-11-22,2025-11-02,West,Consumer,True,711,Low,55,False
CUST-00097,3407.3500000000004,847.8,2,2025-02-14,2025-03-01,East,Consumer,True,15,Low,301,True
CUST-00098,16386.89,4729.9,10,2023-04-22,2025-09-20,Central,Corporate,True,882,Low,98,False
CUST-00099,19896.49,6097.54,6,2024-02-12,2025-07-11,Central,Consumer,True,515,Low,169,False
CUST-00100,21827.61,4450.39,8,2023-09-21,2025-09-04,East,Consumer,True,714,Low,114,False
CUST-00101,12874.74,4545.24,3,2024-11-03,2024-12-31,South,Corporate,True,58,Low,361,True
CUST-00102,27199.9,6939.68,5,2024-04-25,2025-08-27,East,Home Office,True,489,Low,122,False
CUST-00103,86199.97,21166.81,23,2023-12-12,2025-09-26,South,Home Office,True,654,High,92,False
CUST-00104,154728.95,32022.739999999998,48,2023-03-29,2025-10-30,East,Consumer,True,946,High,58,False
CUST-00105,53937.43,9500.9,14,2023-10-02,2025-09-19,South,Consumer,True,718,Mid,99,False
CUST-00106,41076.1,14003.579999999998,7,2023-09-27,2024-12-18,South,Corporate,True,448,Mid,374,True
CUST-00107,47075.259999999995,11361.16,15,2023-03-14,2025-10-02,South,Consumer,True,933,Mid,86,False
CUST-00108,145540.21,32931.655,42,2023-06-01,2025-11-05,Central,Corporate,True,888,High,52,False
CUST-00109,29851.7,9213.21,7,2023-08-16,2025-07-18,West,Consumer,True,702,Low,162,False
CUST-00110,14047.95,3322.51,5,2023-06-04,2025-08-29,Central,Consumer,True,817,Low,120,False
CUST-00111,45292.85,12114.58,12,2024-01-06,2025-05-26,West,Consumer,True,506,Mid,215,True
CUST-00112,21866.72,4888.37,8,2023-12-16,2025-07-27,South,Corporate,True,589,Low,153,False
CUST-00113,22454.58,4025.8199999999997,7,2023-04-01,2025-05-31,Central,Consumer,True,791,Low,210,True
CUST-00114,44368.729999999996,11286.315,12,2024-04-24,2025-09-28,West,Consumer,True,522,Mid,90,False
CUST-00115,10137.36,2531.81,4,2023-11-19,2025-07-18,Central,Consumer,True,607,Low,162,False
CUST-00116,73617.82,22721.83,19,2023-05-10,2025-10-18,Central,Consumer,True,892,High,70,False
CUST-00117,13701.58,1938.4600000000003,4,2024-05-15,2025-09-27,East,Consumer,True,500,Low,91,False
CUST-00118,19554.829999999998,3920.88,5,2023-05-27,2025-08-29,East,Corporate,True,825,Low,120,False
CUST-00119,13904.7,827.3799999999999,5,2025-02-20,2025-10-12,East,Consumer,True,234,Low,76,False
CUST-00120,24023.190000000002,3711.51,10,2023-08-08,2025-10-28,East,Corporate,True,812,Low,60,False
CUST-00121,28807.12,8749.26,11,2023-07-15,2025-09-11,West,Home Office,True,789,Low,107,False
CUST-00122,18399.64,3988.8199999999997,3,2024-09-17,2025-07-27,Central,Consumer,True,313,Low,153,False
CUST-00123,2645.7799999999997,876.03,3,2023-04-13,2024-12-17,Central,Consumer,True,614,Low,375,True
CUST-00124,11024.15,3281.9100000000003,5,2023-11-30,2025-08-28,West,Corporate,True,637,Low,121,False
CUST-00125,27888.71,6214.929999999999,8,2023-11-12,2025-11-19,South,Consumer,True,738,Low,38,False
CUST-00126,29957.64,9920.63,9,2024-03-29,2025-10-10,Central,Consumer,True,560,Low,78,False
CUST-00127,6848.8,1857.12,3,2024-03-22,2025-04-07,East,Home Office,True,381,Low,264,True
CUST-00128,4649.880000000001,915.36,3,2024-08-30,2025-12-09,South,Home Office,True,466,Low,18,False
CUST-00129,768.79,91.34,2,2023-12-09,2023-12-16,Central,Corporate,True,7,Low,742,True
CUST-00130,8721.73,1903.84,4,2024-07-27,2025-06-21,Central,Consumer,True,329,Low,189,True
CUST-00131,569.7,157.07,1,2025-04-27,2025-04-27,Central,Corporate,False,0,Low,244,True
CUST-00132,42946.86,8931.86,23,2023-11-13,2025-11-12,Central,Corporate,True,730,Mid,45,False
CUST-00133,194814.64,51485.56,53,2023-03-07,2025-11-23,East,Consumer,True,992,High,34,False
CUST-00134,74664.79,20859.98,22,2023-06-19,2025-11-08,Central,Corporate,True,873,High,49,False
CUST-00135,56005.25,17887.95,14,2024-04-08,2025-10-01,South,Consumer,True,541,Mid,87,False
CUST-00136,17883.3,2660.7,8,2024-05-04,2025-12-01,West,Consumer,True,576,Low,26,False
CUST-00137,11196.829999999998,3062.35,5,2023-12-29,2025-06-26,Central,Consumer,True,545,Low,184,True
CUST-00138,49932.659999999996,11278.15,19,2023-11-12,2025-09-08,East,Consumer,True,666,Mid,110,False
CUST-00139,43956.89,8420.28,8,2023-10-28,2025-04-10,West,Consumer,True,530,Mid,261,True
CUST-00140,88356.88,19913.640000000003,20,2023-03-15,2025-11-10,West,Corporate,True,971,High,47,False
CUST-00141,31554.2,5126.15,18,2023-10-22,2025-08-21,South,Home Office,True,669,Mid,128,False
CUST-00142,50093.36,11675.62,12,2023-08-07,2025-05-21,East,Corporate,True,653,Mid,220,True
CUST-00143,81121.83,18399.04,19,2023-07-03,2025-10-15,West,Corporate,True,835,High,73,False
CUST-00144,79188.87,17682.559999999998,25,2023-03-12,2025-09-25,West,Home Office,True,928,High,93,False
CUST-00145,21517.03,6912.030000000001,10,2023-11-02,2025-11-09,South,Consumer,True,738,Low,48,False
CUST-00146,99469.48,24577.95,25,2023-10-07,2025-12-12,South,Consumer,True,797,High,15,False
CUST-00147,23723.9,8041.98,4,2023-12-03,2025-09-11,East,Consumer,True,648,Low,107,False
CUST-00148,176325.05,34950.485,47,2023-04-30,2025-11-15,East,Consumer,True,930,High,42,False
CUST-00149,45474.84,14737.68,13,2023-09-24,2025-12-02,South,Corporate,True,800,Mid,25,False
CUST-00150,8195.53,2001.1299999999999,5,2023-11-20,2025-07-06,East,Consumer,True,594,Low,174,False
CUST-00151,44342.72,13732.09,11,2023-09-14,2025-04-19,South,Consumer,True,583,Mid,252,True
CUST-00152,15526.710000000001,4289.14,4,2023-05-02,2025-07-21,West,Consumer,True,811,Low,159,False
CUST-00153,16096.119999999999,2825.57,10,2023-03-15,2025-11-27,South,Consumer,True,988,Low,30,False
CUST-00154,77521.08,23625.239999999998,16,2024-01-06,2025-11-02,West,Home Office,True,666,High,55,False
CUST-00155,48944.12,8740.32,15,2023-02-20,2025-09-21,West,Consumer,True,944,Mid,97,False
CUST-00156,82627.18,16402.02,19,2023-07-17,2025-11-04,Central,Consumer,True,841,High,53,False
CUST-00157,28213.32,4995.71,5,2023-09-07,2025-01-15,East,Consumer,True,496,Low,346,True
CUST-00158,29330.969999999998,5003.73,7,2023-12-26,2025-07-09,Central,Consumer,True,561,Low,171,False
CUST-00159,42238.63,7053.46,9,2024-01-27,2025-05-18,Central,Corporate,True,477,Mid,223,True
CUST-00160,14941.42,2096.63,4,2023-10-13,2025-02-06,South,Consumer,True,482,Low,324,True
CUST-00161,20175.12,2286.185,8,2024-06-14,2025-11-27,South,Consumer,True,531,Low,30,False
CUST-00162,14625.01,3612.38,10,2023-08-25,2025-12-07,Central,Consumer,True,835,Low,20,False
CUST-00163,53425.98,12797.42,12,2024-03-20,2025-11-18,West,Corporate,True,608,Mid,39,False
CUST-00164,25666.97,6523.33,11,2024-04-09,2025-07-24,West,Corporate,True,471,Low,156,False
CUST-00165,63089.799999999996,18027.14,17,2023-05-24,2025-08-12,West,Corporate,True,811,High,137,False
CUST-00166,13999.539999999999,1868.3500000000001,5,2023-06-16,2025-07-24,South,Corporate,True,769,Low,156,False
CUST-00167,92900.7,23960.73,28,2023-08-14,2025-09-17,West,Corporate,True,765,High,101,False
CUST-00168,55129.729999999996,14206.0,13,2023-08-04,2025-09-21,East,Consumer,True,779,Mid,97,False
CUST-00169,1334.1599999999999,392.03999999999996,2,2024-02-14,2024-11-15,West,Consumer,True,275,Low,407,True
CUST-00170,54524.34,13466.105,10,2024-04-28,2025-08-30,East,Consumer,True,489,Mid,119,False
CUST-00171,27656.260000000002,6867.13,7,2024-03-22,2025-07-03,East,Consumer,True,468,Low,177,False
CUST-00172,19665.579999999998,5754.03,4,2023-11-24,2025-06-17,East,Corporate,True,571,Low,193,True
CUST-00173,27317.43,5903.98,9,2023-10-14,2025-12-07,South,Consumer,True,785,Low,20,False
CUST-00174,5093.3099999999995,1091.26,4,2023-12-28,2025-10-12,Central,Corporate,True,654,Low,76,False
CUST-00175,6202.59,776.58,8,2023-11-29,2025-11-01,Central,Home Office,True,703,Low,56,False
CUST-00176,32577.570000000003,11419.01,6,2024-04-19,2025-03-25,West,Consumer,True,340,Mid,277,True
CUST-00177,41981.15,8873.24,10,2023-10-30,2025-08-13,Central,Home Office,True,653,Mid,136,False
CUST-00178,56050.520000000004,13279.45,20,2023-03-23,2025-11-24,East,Corporate,True,977,Mid,33,False
CUST-00179,8067.9400000000005,2827.44,4,2023-11-18,2025-11-08,South,Home Office,True,721,Low,49,False
CUST-00180,146099.66,36762.1,41,2023-02-04,2025-11-08,Central,Consumer,True,1008,High,49,False
CUST-00181,24117.59,6453.16,14,2023-04-09,2025-09-25,South,Consumer,True,900,Low,93,False
CUST-00182,116642.8,29130.75,41,2023-07-21,2025-10-29,East,Consumer,True,831,High,59,False
CUST-00183,107627.26999999999,26752.809999999998,32,2023-08-15,2025-11-27,West,Consumer,True,835,High,30,False
CUST-00184,2897.1,450.03,5,2023-11-16,2025-04-20,Central,Consumer,True,521,Low,251,True
CUST-00185,36780.1,9733.14,12,2023-03-26,2025-03-17,West,Home Office,True,722,Mid,285,True
CUST-00186,29447.87,9286.099999999999,5,2024-06-24,2025-10-04,West,Corporate,True,467,Low,84,False
CUST-00187,89746.42,15449.19,20,2023-10-27,2025-11-18,East,Consumer,True,753,High,39,False
CUST-00188,28616.399999999998,7452.5,6,2024-07-06,2025-11-11,West,Consumer,True,493,Low,46,False
CUST-00189,8152.07,1369.3200000000002,5,2024-07-30,2025-03-23,East,Consumer,True,236,Low,279,True
CUST-00190,36765.51,7184.03,17,2023-11-20,2025-10-13,West,Consumer,True,693,Mid,75,False
CUST-00191,8732.77,3244.9700000000003,5,2023-11-15,2025-03-08,Central,Home Office,True,479,Low,294,True
CUST-00192,26906.34,8909.16,7,2023-04-16,2025-01-22,Central,Consumer,True,647,Low,339,True
CUST-00193,24327.7,7564.32,11,2023-03-15,2025-12-04,Central,Consumer,True,995,Low,23,False
CUST-00194,12214.48,1182.77,5,2024-10-21,2025-06-04,West,Corporate,True,226,Low,206,True
CUST-00195,41433.98,12518.39,11,2023-02-11,2025-09-26,South,Consumer,True,958,Mid,92,False
CUST-00196,116271.25,27258.84,23,2023-03-31,2025-10-01,East,Consumer,True,915,High,87,False
CUST-00197,16351.31,3205.7799999999997,5,2023-06-02,2025-06-16,West,Corporate,True,745,Low,194,True
CUST-00198,28391.3,5819.03,9,2023-10-11,2025-10-30,East,Corporate,True,750,Low,58,False
CUST-00199,20972.690000000002,4204.22,6,2023-12-04,2025-10-09,West,Home Office,True,675,Low,79,False
CUST-00200,35358.12,8684.869999999999,14,2023-08-14,2025-11-23,South,Corporate,True,832,Mid,34,False
CUST-00201,1402.96,251.19,3,2024-09-24,2025-10-14,West,Consumer,True,385,Low,74,False
CUST-00202,168555.95,42154.07,48,2023-06-28,2025-11-27,South,Corporate,True,883,High,30,False
CUST-00203,42744.19,6174.9800000000005,23,2023-04-28,2025-07-11,West,Home Office,True,805,Mid,169,False
CUST-00204,10334.7,-297.1000000000001,5,2023-10-21,2025-04-16,Central,Corporate,True,543,Low,255,True
CUST-00205,18336.87,-293.43499999999995,8,2023-09-03,2025-08-07,West,Home Office,True,704,Low,142,False
CUST-00206,45678.32,6784.610000000001,13,2023-05-27,2025-05-07,West,Corporate,True,711,Mid,234,True
CUST-00207,26263.71,6121.73,10,2023-11-04,2025-08-25,South,Home Office,True,660,Low,124,False
CUST-00208,15022.76,1453.4299999999998,6,2024-01-17,2025-06-10,South,Consumer,True,510,Low,200,True
CUST-00209,23300.48,6666.45,4,2024-04-27,2025-03-12,West,Corporate,True,319,Low,290,True
CUST-00210,16244.38,6660.74,2,2024-02-12,2025-03-30,South,Consumer,True,412,Low,272,True
CUST-00211,151875.46,34925.58,49,2023-04-07,2025-12-13,West,Corporate,True,981,High,14,False
CUST-00212,20774.440000000002,3593.16,7,2023-05-25,2025-02-05,Central,Corporate,True,622,Low,325,True
CUST-00213,67294.31,18320.685,24,2023-10-05,2025-12-11,South,Home Office,True,798,High,16,False
CUST-00214,7021.860000000001,1275.31,4,2023-08-04,2025-03-14,West,Home Office,True,588,Low,288,True
CUST-00215,123280.78,24650.82,26,2023-04-26,2025-11-10,Central,Consumer,True,929,High,47,False
CUST-00216,17975.02,4476.03,4,2023-07-06,2025-08-09,West,Corporate,True,765,Low,140,False
CUST-00217,43251.81,13961.869999999999,7,2024-02-24,2025-01-05,East,Corporate,True,316,Mid,356,True
CUST-00218,62651.73,10889.82,19,2023-11-11,2025-11-28,East,Consumer,True,748,High,29,False
CUST-00219,120276.62,25025.96,37,2023-02-03,2025-10-25,West,Consumer,True,995,High,63,False
CUST-00220,1528.44,212.7,1,2023-12-24,2023-12-24,South,Consumer,False,0,Low,734,True
CUST-00221,17211.43,4641.51,9,2023-06-01,2025-07-20,East,Corporate,True,780,Low,160,False
CUST-00222,55573.01,14102.87,16,2023-10-08,2025-09-25,West,Consumer,True,718,Mid,93,False
CUST-00223,69680.67,15668.38,13,2024-04-18,2025-11-20,Central,Home Office,True,581,High,37,False
CUST-00224,13290.050000000001,3716.3799999999997,5,2023-12-16,2025-04-11,East,Consumer,True,482,Low,260,True
CUST-00225,42418.22,9879.685,20,2023-02-06,2025-09-18,Central,Home Office,True,955,Mid,100,False
CUST-00226,12635.29,4652.28,4,2023-11-10,2025-05-06,West,Consumer,True,543,Low,235,True
CUST-00227,47723.479999999996,11809.4,16,2023-09-16,2025-08-08,South,Corporate,True,692,Mid,141,False
CUST-00228,33741.06,7541.71,8,2023-06-18,2025-12-14,Central,Consumer,True,910,Mid,13,False
CUST-00229,22742.15,6157.844999999999,7,2023-07-11,2025-09-23,Central,Corporate,True,805,Low,95,False
CUST-00230,51923.119999999995,9008.67,14,2023-12-11,2025-11-07,East,Corporate,True,697,Mid,50,False
CUST-00231,2162.0499999999997,756.4499999999999,1,2024-05-05,2024-05-05,West,Home Office,False,0,Low,601,True
CUST-00232,59512.08,18126.24,13,2023-02-25,2025-10-06,South,Corporate,True,954,Mid,82,False
CUST-00233,22637.29,6017.87,2,2024-11-08,2025-09-15,East,Consumer,True,311,Low,103,False
CUST-00234,126628.7,14341.970000000001,38,2023-04-18,2025-12-13,South,Consumer,True,970,High,14,False
CUST-00235,27773.41,6620.929999999999,10,2023-12-27,2025-09-24,West,Consumer,True,637,Low,94,False
CUST-00236,90823.43,23854.78,22,2023-03-02,2025-11-03,Central,Consumer,True,977,High,54,False
CUST-00237,14607.009999999998,5771.88,5,2024-11-15,2025-03-15,Central,Corporate,True,120,Low,287,True
CUST-00238,30151.08,8091.320000000001,7,2023-08-06,2025-07-25,West,Corporate,True,719,Mid,155,False
CUST-00239,40414.47,10677.42,10,2024-04-01,2025-05-13,West,Corporate,True,407,Mid,228,True
CUST-00240,17903.690000000002,4714.45,7,2023-08-03,2025-10-09,Central,Home Office,True,798,Low,79,False
CUST-00241,24195.050000000003,5762.38,6,2023-10-25,2025-07-21,East,Corporate,True,635,Low,159,False
CUST-00242,3148.98,679.1600000000001,5,2023-04-27,2025-12-03,Central,Corporate,True,951,Low,24,False
CUST-00243,22079.63,4083.0099999999998,10,2024-06-11,2025-05-30,East,Consumer,True,353,Low,211,True
CUST-00244,716.79,67.56,1,2024-06-03,2024-06-03,Central,Consumer,False,0,Low,572,True
CUST-00245,22046.660000000003,5461.98,6,2024-05-09,2025-05-12,Central,Corporate,True,368,Low,229,True
CUST-00246,22188.42,6731.5199999999995,8,2023-02-10,2025-09-04,East,Home Office,True,937,Low,114,False
CUST-00247,9266.69,1691.4299999999998,3,2025-04-03,2025-08-17,South,Consumer,True,136,Low,132,False
CUST-00248,71623.24,21080.75,18,2023-03-14,2025-11-05,West,Consumer,True,967,High,52,False
CUST-00249,12010.48,2931.62,5,2024-04-03,2025-10-07,South,Corporate,True,552,Low,81,False
CUST-00250,14083.67,3362.04,5,2023-05-21,2025-09-01,East,Consumer,True,834,Low,117,False
CUST-00251,40346.61,7547.77,11,2023-11-15,2025-06-07,East,Consumer,True,570,Mid,203,True
CUST-00252,44069.0,12861.83,16,2023-04-11,2025-11-30,West,Home Office,True,964,Mid,27,False
CUST-00253,21259.49,7314.639999999999,7,2023-06-17,2025-11-20,East,Corporate,True,887,Low,37,False
CUST-00254,7532.17,1687.38,10,2023-05-22,2025-10-29,West,Consumer,True,891,Low,59,False
CUST-00255,119023.5,29334.92,41,2023-04-19,2025-10-10,Central,Home Office,True,905,High,78,False
CUST-00256,10627.69,1850.63,8,2023-12-01,2025-10-19,East,Consumer,True,688,Low,69,False
CUST-00257,74589.31999999999,12643.62,24,2023-10-03,2025-11-10,Central,Home Office,True,769,High,47,False
CUST-00258,54805.12,15225.630000000001,13,2023-01-12,2025-03-10,East,Consumer,True,788,Mid,292,True
CUST-00259,8017.21,1759.65,3,2024-04-01,2024-12-26,East,Corporate,True,269,Low,366,True
CUST-00260,22175.13,1802.3599999999997,7,2024-08-30,2025-07-26,Central,Consumer,True,330,Low,154,False
CUST-00261,40686.6,10132.65,12,2024-01-03,2025-09-17,South,Consumer,True,623,Mid,101,False
CUST-00262,109392.36,25070.02,40,2023-07-14,2025-12-16,East,Home Office,True,886,High,11,False
CUST-00263,65322.12,18109.47,16,2023-05-17,2025-09-01,West,Consumer,True,838,High,117,False
CUST-00264,19778.61,3595.25,7,2023-12-16,2025-12-04,South,Consumer,True,719,Low,23,False
CUST-00265,42044.42,13550.86,7,2023-10-13,2025-08-17,South,Consumer,True,674,Mid,132,False
CUST-00266,20205.99,6748.070000000001,4,2023-11-22,2025-11-12,Central,Corporate,True,721,Low,45,False
CUST-00267,42708.79,11802.789999999999,12,2023-01-25,2025-08-31,West,Corporate,True,949,Mid,118,False
CUST-00268,32424.82,3163.94,9,2023-10-24,2025-07-03,West,Home Office,True,618,Mid,177,False
CUST-00269,45752.29,11557.97,18,2023-12-23,2025-10-15,Central,Consumer,True,662,Mid,73,False
CUST-00270,61216.21,15991.58,20,2023-05-07,2025-12-22,Central,Consumer,True,960,Mid,5,False
CUST-00271,14001.51,3746.9700000000003,12,2023-12-01,2025-11-23,West,Consumer,True,723,Low,34,False
CUST-00272,64670.72,13862.619999999999,18,2023-11-19,2025-11-18,East,Corporate,True,730,High,39,False
CUST-00273,17173.1,4794.2300000000005,9,2023-05-30,2025-08-29,East,Home Office,True,822,Low,120,False
CUST-00274,74124.52,21694.71,23,2023-03-30,2025-12-23,South,Corporate,True,999,High,4,False
CUST-00275,39678.11,9751.29,21,2023-10-23,2025-10-24,West,Corporate,True,732,Mid,64,False
CUST-00276,5747.530000000001,590.19,6,2023-03-27,2025-08-28,West,Consumer,True,885,Low,121,False
CUST-00277,58603.55,9191.34,12,2023-03-20,2025-10-19,West,Home Office,True,944,Mid,69,False
CUST-00278,14319.0,3398.23,5,2024-02-11,2024-07-03,South,Consumer,True,143,Low,542,True
CUST-00279,69729.12,22157.19,19,2023-03-21,2025-10-10,East,Consumer,True,934,High,78,False
CUST-00280,40468.53,7165.14,17,2023-01-12,2025-11-01,East,Consumer,True,1024,Mid,56,False
CUST-00281,39108.07,8359.3,14,2023-10-27,2025-10-12,West,Consumer,True,716,Mid,76,False
CUST-00282,9416.95,2192.44,5,2023-10-22,2025-09-20,West,Consumer,True,699,Low,98,False
CUST-00283,7691.7,2044.52,4,2024-04-03,2025-05-04,Central,Consumer,True,396,Low,237,True
CUST-00284,46301.36,10839.425,11,2023-08-08,2025-12-21,West,Consumer,True,866,Mid,6,False
CUST-00285,15309.099999999999,3535.9,5,2023-08-10,2025-10-23,West,Corporate,True,805,Low,65,False
CUST-00286,6474.96,1222.93,4,2023-07-25,2025-11-20,South,Consumer,True,849,Low,37,False
CUST-00287,114211.70999999999,21076.79,27,2023-07-02,2025-08-23,East,Consumer,True,783,High,126,False
CUST-00288,45783.12,12645.41,13,2023-08-22,2025-10-23,Central,Home Office,True,793,Mid,65,False
CUST-00289,4195.51,1106.43,1,2024-05-25,2024-05-25,Central,Corporate,False,0,Low,581,True
CUST-00290,16186.28,399.8399999999999,5,2023-06-02,2025-11-05,West,Consumer,True,887,Low,52,False
CUST-00291,131393.73,30873.77,35,2023-04-18,2025-11-04,South,Consumer,True,931,High,53,False
CUST-00292,61221.33,11514.230000000001,16,2023-06-29,2025-09-26,West,Home Office,True,820,Mid,92,False
CUST-00293,29869.18,4584.095,12,2023-11-25,2025-09-24,South,Consumer,True,669,Low,94,False
CUST-00294,4797.94,1311.59,5,2024-04-23,2025-11-20,West,Consumer,True,576,Low,37,False
CUST-00295,3556.44,67.52,6,2023-05-07,2025-08-01,Central,Home Office,True,817,Low,148,False
CUST-00296,11578.85,2341.77,7,2023-02-15,2025-05-12,Central,Consumer,True,817,Low,229,True
CUST-00297,41495.659999999996,11994.23,15,2023-06-08,2025-10-10,South,Corporate,True,855,Mid,78,False
CUST-00298,1005.4,336.15,2,2024-01-19,2025-02-25,West,Corporate,True,403,Low,305,True
CUST-00299,35290.32,8954.99,6,2024-05-15,2025-11-21,West,Corporate,True,555,Mid,36,False
CUST-00300,32732.5,6337.23,19,2023-03-08,2025-11-22,East,Consumer,True,990,Mid,35,False
CUST-00301,103975.11,28137.510000000002,35,2023-08-14,2025-10-03,West,Consumer,True,781,High,85,False
CUST-00302,36964.93,7850.570000000001,9,2023-04-30,2025-10-06,South,Consumer,True,890,Mid,82,False
CUST-00303,33596.65,3204.58,9,2023-10-13,2025-11-05,East,Consumer,True,754,Mid,52,False
CUST-00304,15249.699999999999,1665.7,7,2024-06-20,2025-08-11,South,Home Office,True,417,Low,138,False
CUST-00305,15620.18,3500.92,6,2023-06-30,2025-08-28,Central,Consumer,True,790,Low,121,False
CUST-00306,19441.03,4859.76,5,2024-05-19,2025-05-31,East,Corporate,True,377,Low,210,True
CUST-00307,42920.57,11043.81,11,2024-01-11,2025-09-12,West,Corporate,True,610,Mid,106,False
CUST-00308,35643.619999999995,12583.63,7,2023-10-16,2025-09-10,Central,Corporate,True,695,Mid,108,False
CUST-00309,36483.57,7653.07,7,2024-02-27,2025-11-22,West,Consumer,True,634,Mid,35,False
CUST-00310,117702.15,30107.285,25,2023-06-30,2025-11-26,East,Consumer,True,880,High,31,False
CUST-00311,169438.43,41630.24,41,2023-02-06,2025-12-08,Central,Home Office,True,1036,High,19,False
CUST-00312,7681.0,2018.62,4,2024-05-05,2025-08-09,Central,Corporate,True,461,Low,140,False
CUST-00313,15149.7,3539.79,8,2023-08-16,2025-07-15,East,Corporate,True,699,Low,165,False
CUST-00314,6434.2300000000005,2219.6099999999997,4,2024-03-07,2025-09-15,West,Home Office,True,557,Low,103,False
CUST-00315,16989.4,4122.165,7,2023-11-11,2025-10-12,East,Corporate,True,701,Low,76,False
CUST-00316,9665.64,2234.92,3,2023-12-05,2025-08-01,Central,Consumer,True,605,Low,148,False
CUST-00317,17176.05,3680.83,1,2023-12-04,2023-12-04,Central,Corporate,False,0,Low,754,True
CUST-00318,47380.37,9531.490000000002,15,2023-04-01,2025-09-11,Central,Consumer,True,894,Mid,107,False
CUST-00319,11570.16,3591.4100000000003,6,2023-07-12,2025-07-16,South,Corporate,True,735,Low,164,False
CUST-00320,64394.1,15098.86,27,2023-08-18,2025-12-23,South,Home Office,True,858,High,4,False
CUST-00321,9415.39,3280.3500000000004,7,2023-09-27,2025-08-29,West,Consumer,True,702,Low,120,False
CUST-00322,46244.79,14033.78,5,2023-10-10,2025-04-10,East,Consumer,True,548,Mid,261,True
CUST-00323,68433.14,20793.5,17,2023-05-14,2025-09-18,Central,Consumer,True,858,High,100,False
CUST-00324,19067.1,5465.43,6,2023-03-31,2025-09-28,South,Home Office,True,912,Low,90,False
CUST-00325,28882.780000000002,9772.269999999999,4,2023-12-31,2025-05-17,South,Consumer,True,503,Low,224,True
CUST-00326,146109.8,37272.82,40,2023-06-05,2025-12-11,East,Consumer,True,920,High,16,False
CUST-00327,2701.41,932.61,3,2023-10-02,2024-11-22,East,Consumer,True,417,Low,400,True
CUST-00328,439.12,31.54,1,2025-08-15,2025-08-15,East,Consumer,False,0,Low,134,False
CUST-00329,24384.01,6660.41,6,2023-05-25,2025-10-06,East,Consumer,True,865,Low,82,False
CUST-00330,21304.559999999998,3827.62,10,2023-07-08,2025-08-28,Central,Consumer,True,782,Low,121,False
CUST-00331,30106.32,6532.54,8,2023-08-09,2025-09-12,Central,Consumer,True,765,Mid,106,False
CUST-00332,23970.2,5761.48,8,2025-02-09,2025-10-04,West,Consumer,True,237,Low,84,False
CUST-00333,89452.5,15665.64,24,2023-06-08,2025-11-18,West,Consumer,True,894,High,39,False
CUST-00334,24540.74,5630.049999999999,5,2023-03-01,2025-02-01,South,Consumer,True,703,Low,329,True
CUST-00335,30539.510000000002,9552.96,6,2023-11-04,2025-07-30,West,Consumer,True,634,Mid,150,False
CUST-00336,29121.329999999998,6985.18,9,2023-04-07,2025-10-30,South,Corporate,True,937,Low,58,False
CUST-00337,48104.11,10655.64,15,2023-06-04,2025-11-23,South,Consumer,True,903,Mid,34,False
CUST-00338,12836.529999999999,4168.13,6,2023-11-25,2025-10-11,West,Consumer,True,686,Low,77,False
CUST-00339,13599.46,3491.13,8,2024-04-18,2025-09-18,East,Consumer,True,518,Low,100,False
CUST-00340,19273.579999999998,5867.19,3,2025-04-06,2025-11-27,South,Consumer,True,235,Low,30,False
CUST-00341,23738.76,5669.33,4,2023-12-12,2025-10-10,Central,Consumer,True,668,Low,78,False
CUST-00342,19912.41,4664.48,4,2025-01-14,2025-09-20,West,Consumer,True,249,Low,98,False
CUST-00343,22792.5,6421.86,17,2023-03-07,2025-09-13,Central,Home Office,True,921,Low,105,False
CUST-00344,13922.49,2424.1699999999996,3,2025-05-21,2025-08-30,Central,Consumer,True,101,Low,119,False
CUST-00345,47651.02,12155.37,15,2023-07-23,2025-12-03,South,Consumer,True,864,Mid,24,False
CUST-00346,27113.79,9175.0,9,2023-11-24,2025-10-19,West,Consumer,True,695,Low,69,False
CUST-00347,80696.34,19557.96,20,2023-11-01,2025-07-03,South,Consumer,True,610,High,177,False
CUST-00348,59735.45,12175.359999999999,21,2023-10-23,2025-11-19,South,Consumer,True,758,Mid,38,False
CUST-00349,21781.81,7368.280000000001,2,2024-06-19,2024-08-30,East,Corporate,True,72,Low,484,True
CUST-00350,32305.510000000002,8002.39,4,2024-07-15,2025-05-14,East,Corporate,True,303,Mid,227,True
CUST-00351,6755.21,1426.67,6,2024-03-16,2025-08-14,Central,Consumer,True,516,Low,135,False
CUST-00352,90169.76,21529.34,31,2023-03-14,2025-11-27,East,Consumer,True,989,High,30,False
CUST-00353,6484.33,1625.31,5,2024-03-04,2025-04-22,West,Consumer,True,414,Low,249,True
CUST-00354,19943.16,4743.52,10,2023-11-12,2025-09-22,West,Consumer,True,680,Low,96,False
CUST-00355,32725.91,6136.349999999999,10,2023-05-09,2025-07-19,South,Corporate,True,802,Mid,161,False
CUST-00356,83482.78,20147.2,24,2023-04-28,2025-10-15,South,Consumer,True,901,High,73,False
CUST-00357,37908.04,7226.1900000000005,11,2023-08-15,2025-06-04,East,Consumer,True,659,Mid,206,True
CUST-00358,26692.98,7903.12,7,2024-09-21,2025-11-23,South,Home Office,True,428,Low,34,False
CUST-00359,148327.66,31559.85,44,2023-02-15,2025-10-30,East,Consumer,True,988,High,58,False
CUST-00360,23695.64,5452.135,8,2023-11-07,2025-10-22,Central,Consumer,True,715,Low,66,False
CUST-00361,59851.96,15828.82,12,2024-01-27,2025-11-14,South,Corporate,True,657,Mid,43,False
CUST-00362,14569.029999999999,2950.97,7,2023-12-28,2025-11-26,South,Consumer,True,699,Low,31,False
CUST-00363,40243.090000000004,10203.19,12,2023-11-06,2025-09-08,East,Consumer,True,672,Mid,110,False
CUST-00364,60813.79,11141.39,26,2023-03-17,2025-09-22,South,Consumer,True,920,Mid,96,False
CUST-00365,31596.769999999997,7443.25,14,2023-10-05,2025-10-08,East,Home Office,True,734,Mid,80,False
CUST-00366,44045.89,12178.64,11,2023-07-22,2025-09-13,Central,Consumer,True,784,Mid,105,False
CUST-00367,527.05,79.26,1,2025-03-05,2025-03-05,West,Consumer,False,0,Low,297,True
CUST-00368,21629.3,7305.6,7,2023-06-19,2025-11-09,West,Consumer,True,874,Low,48,False
CUST-00369,9187.880000000001,2644.0499999999997,4,2024-02-18,2025-11-01,East,Consumer,True,622,Low,56,False
CUST-00370,12430.73,2723.58,7,2024-05-29,2025-11-17,South,Corporate,True,537,Low,40,False
CUST-00371,9779.7,1474.72,6,2024-01-30,2025-11-06,West,Consumer,True,646,Low,51,False
CUST-00372,31905.54,7809.99,5,2024-04-03,2025-06-21,Central,Corporate,True,444,Mid,189,True
CUST-00373,33551.28,7705.83,12,2023-11-07,2025-11-03,West,Corporate,True,727,Mid,54,False
CUST-00374,19093.96,4784.34,4,2024-04-22,2025-05-03,West,Corporate,True,376,Low,238,True
CUST-00375,38985.2,10006.53,7,2023-12-11,2025-08-13,South,Consumer,True,611,Mid,136,False
CUST-00376,20261.170000000002,5843.26,5,2023-11-30,2025-08-26,East,Home Office,True,635,Low,123,False
CUST-00377,75337.54,15546.135,25,2023-10-04,2025-09-02,Central,Corporate,True,699,High,116,False
CUST-00378,73901.01999999999,15348.97,11,2023-06-05,2025-04-28,Central,Consumer,True,693,High,243,True
CUST-00379,19954.440000000002,2455.4100000000003,7,2024-10-27,2025-09-30,West,Corporate,True,338,Low,88,False
CUST-00380,36051.49,10535.32,17,2023-09-08,2025-12-10,West,Home Office,True,824,Mid,17,False
CUST-00381,58918.189999999995,13771.85,15,2024-02-19,2025-11-05,East,Consumer,True,625,Mid,52,False
CUST-00382,5025.1,-149.24,4,2024-01-16,2025-08-02,South,Home Office,True,564,Low,147,False
CUST-00383,4029.57,443.26,3,2023-12-07,2025-03-04,South,Consumer,True,453,Low,298,True
CUST-00384,8529.94,2026.2199999999998,2,2024-12-15,2025-03-23,East,Corporate,True,98,Low,279,True
CUST-00385,29607.57,6392.299999999999,4,2023-10-29,2025-06-14,East,Home Office,True,594,Low,196,True
CUST-00386,19499.82,2647.94,8,2023-12-03,2025-07-13,East,Consumer,True,588,Low,167,False
CUST-00387,147374.32,41177.04,44,2023-05-25,2025-12-01,East,Corporate,True,921,High,26,False
CUST-00388,5813.26,859.61,2,2024-10-09,2025-01-18,South,Consumer,True,101,Low,343,True
CUST-00389,20173.56,5713.79,6,2023-09-30,2025-04-08,South,Corporate,True,556,Low,263,True
CUST-00390,17531.86,4461.46,4,2024-09-28,2025-09-08,East,Corporate,True,345,Low,110,False
CUST-00391,9132.31,1987.8799999999999,7,2024-01-20,2024-11-27,Central,Consumer,True,312,Low,395,True
CUST-00392,45664.38,12815.64,16,2023-10-03,2025-11-22,East,Consumer,True,781,Mid,35,False
CUST-00393,17857.18,2774.6600000000003,6,2023-06-04,2025-05-18,West,Consumer,True,714,Low,223,True
CUST-00394,26781.629999999997,7918.43,6,2024-01-01,2025-12-15,Central,Consumer,True,714,Low,12,False
CUST-00395,21742.26,3633.21,8,2023-10-03,2025-03-15,Central,Consumer,True,529,Low,287,True
CUST-00396,119600.41,33021.6,34,2023-02-12,2025-10-01,South,Consumer,True,962,High,87,False
CUST-00397,51357.94,14100.15,7,2023-12-10,2025-03-04,East,Consumer,True,450,Mid,298,True
CUST-00398,8739.72,2643.94,3,2023-06-29,2025-06-29,East,Consumer,True,731,Low,181,True
CUST-00399,18238.26,5812.64,5,2023-08-15,2025-10-05,West,Corporate,True,782,Low,83,False
CUST-00400,18670.8,3810.29,10,2023-09-22,2025-07-01,West,Corporate,True,648,Low,179,False
CUST-00401,5123.42,1336.47,6,2023-05-01,2025-06-15,South,Corporate,True,776,Low,195,True
CUST-00402,24608.43,5019.94,14,2023-08-06,2025-10-24,South,Consumer,True,810,Low,64,False
CUST-00403,11401.449999999999,3706.41,8,2023-08-02,2025-10-24,West,Home Office,True,814,Low,64,False
CUST-00404,56732.07,15696.84,21,2023-06-13,2025-08-31,South,Corporate,True,810,Mid,118,False
CUST-00405,64860.8,15568.560000000001,21,2023-01-26,2025-09-23,West,Consumer,True,971,High,95,False
CUST-00406,32715.910000000003,6176.1,6,2023-10-08,2025-03-24,Central,Consumer,True,533,Mid,278,True
CUST-00407,19645.93,4456.74,7,2023-12-15,2025-09-15,West,Corporate,True,640,Low,103,False
CUST-00408,7238.93,1475.6100000000001,5,2024-01-06,2025-06-26,East,Consumer,True,537,Low,184,True
CUST-00409,46238.08,14947.210000000001,7,2023-09-19,2025-09-02,South,Consumer,True,714,Mid,116,False
CUST-00410,148610.69,40697.17,33,2023-11-21,2025-11-30,East,Home Office,True,740,High,27,False
CUST-00411,25198.399999999998,8349.960000000001,9,2024-02-21,2025-10-06,East,Consumer,True,593,Low,82,False
CUST-00412,144001.06,32759.36,43,2023-07-25,2025-11-19,East,Consumer,True,848,High,38,False
CUST-00413,31267.86,8701.93,11,2023-02-03,2025-10-14,West,Home Office,True,984,Mid,74,False
CUST-00414,41330.69,9626.84,11,2024-03-04,2025-08-14,East,Corporate,True,528,Mid,135,False
CUST-00415,21887.93,6102.360000000001,11,2023-04-22,2025-12-04,East,Consumer,True,957,Low,23,False
CUST-00416,402.5,17.23,2,2023-11-26,2024-04-20,Central,Home Office,True,146,Low,616,True
CUST-00417,840.26,228.83999999999997,1,2025-07-05,2025-07-05,South,Home Office,False,0,Low,175,False
CUST-00418,22380.780000000002,7165.51,13,2023-07-15,2025-09-25,East,Consumer,True,803,Low,93,False
CUST-00419,14691.74,3573.5199999999995,6,2023-07-24,2025-10-05,West,Corporate,True,804,Low,83,False
CUST-00420,158755.00999999998,39976.55,49,2023-05-17,2025-12-03,Central,Consumer,True,931,High,24,False
CUST-00421,11572.36,1807.5500000000002,7,2024-08-20,2025-07-18,South,Consumer,True,332,Low,162,False
CUST-00422,42779.46,10482.910000000002,11,2023-09-11,2025-11-24,Central,Corporate,True,805,Mid,33,False
CUST-00423,45896.19,13325.11,17,2023-06-11,2025-10-13,South,Consumer,True,855,Mid,75,False
CUST-00424,14043.91,4383.17,6,2024-05-09,2025-02-11,Central,Corporate,True,278,Low,319,True
CUST-00425,60546.54,13520.78,25,2023-04-07,2025-10-20,West,Corporate,True,927,Mid,68,False
CUST-00426,25752.47,6943.09,11,2023-02-16,2025-09-20,East,Consumer,True,947,Low,98,False
CUST-00427,11631.18,3140.44,3,2024-06-19,2025-05-06,South,Corporate,True,321,Low,235,True
CUST-00428,52183.2,10651.09,13,2023-02-22,2025-11-07,South,Consumer,True,989,Mid,50,False
CUST-00429,27765.72,3033.4599999999996,11,2023-12-22,2025-09-16,East,Home Office,True,634,Low,102,False
CUST-00430,96168.78,17407.989999999998,27,2023-02-07,2025-11-06,Central,Consumer,True,1003,High,51,False
CUST-00431,68743.8,15378.97,24,2023-07-20,2025-12-17,East,Corporate,True,881,High,10,False
CUST-00432,35917.23,5055.619999999999,9,2023-08-02,2025-12-13,Central,Corporate,True,864,Mid,14,False
CUST-00433,43947.11,13441.099999999999,10,2024-04-30,2025-11-19,South,Consumer,True,568,Mid,38,False
CUST-00434,215.67,46.21,1,2023-12-20,2023-12-20,East,Corporate,False,0,Low,738,True
CUST-00435,87176.82,22064.71,19,2023-06-28,2025-09-18,West,Corporate,True,813,High,100,False
CUST-00436,210652.49,55958.48,42,2023-05-16,2025-09-24,East,Corporate,True,862,High,94,False
CUST-00437,30168.52,6894.59,9,2023-11-28,2025-09-16,Central,Corporate,True,658,Mid,102,False
CUST-00438,76602.95999999999,20121.34,17,2023-06-21,2025-08-09,South,Home Office,True,780,High,140,False
CUST-00439,34877.13,9582.52,8,2023-12-24,2025-09-14,East,Consumer,True,630,Mid,104,False
CUST-00440,61392.3,13646.56,16,2023-04-21,2025-07-28,West,Consumer,True,829,High,152,False
CUST-00441,90113.49,8950.56,31,2023-06-15,2025-12-05,South,Consumer,True,904,High,22,False
CUST-00443,14605.69,3982.54,7,2024-08-21,2025-06-25,East,Consumer,True,308,Low,185,True
CUST-00444,22023.98,7131.57,7,2023-10-15,2025-11-07,West,Consumer,True,754,Low,50,False
CUST-00445,13159.69,4306.87,5,2023-05-26,2025-08-27,Central,Consumer,True,824,Low,122,False
CUST-00446,27816.159999999996,5071.5599999999995,8,2024-04-20,2025-07-01,Central,Home Office,True,437,Low,179,False
CUST-00447,7414.799999999999,1075.3999999999999,4,2023-04-19,2025-10-10,West,Consumer,True,905,Low,78,False
CUST-00448,31499.65,10156.66,7,2023-09-02,2025-11-01,South,Corporate,True,791,Mid,56,False
CUST-00449,43304.56,7055.44,7,2024-01-07,2025-12-04,Central,Consumer,True,697,Mid,23,False
CUST-00450,32276.07,8596.86,10,2023-12-14,2025-12-14,West,Home Office,True,731,Mid,13,False
CUST-00451,28731.600000000002,9197.800000000001,10,2023-06-04,2025-07-23,South,Consumer,True,780,Low,157,False
CUST-00452,43153.42,9464.93,17,2023-02-11,2025-11-16,South,Consumer,True,1009,Mid,41,False
CUST-00453,67216.05,16017.82,18,2023-04-30,2025-09-16,West,Home Office,True,870,High,102,False
CUST-00454,55401.03,13514.470000000001,18,2023-11-18,2025-10-12,East,Home Office,True,694,Mid,76,False
CUST-00455,26150.69,3853.17,8,2023-09-04,2025-09-20,Central,Consumer,True,747,Low,98,False
CUST-00456,61590.87,14448.13,15,2024-04-03,2025-11-18,Central,Consumer,True,594,High,39,False
CUST-00457,60248.43,13833.85,14,2023-10-06,2025-11-08,East,Corporate,True,764,Mid,49,False
CUST-00458,30399.89,8802.64,5,2025-02-23,2025-08-12,Central,Home Office,True,170,Mid,137,False
CUST-00459,37350.39,3850.0099999999998,8,2024-06-04,2025-10-08,South,Consumer,True,491,Mid,80,False
CUST-00460,22752.77,7947.910000000001,7,2024-06-17,2025-10-20,East,Consumer,True,490,Low,68,False
CUST-00461,70775.28,14045.189999999999,24,2023-08-15,2025-12-17,Central,Corporate,True,855,High,10,False
CUST-00462,18286.75,1084.93,9,2023-11-08,2025-09-28,East,Corporate,True,690,Low,90,False
CUST-00463,14262.49,3394.84,7,2024-05-11,2025-12-06,Central,Corporate,True,574,Low,21,False
CUST-00464,22042.8,5418.9400000000005,11,2023-07-20,2025-07-27,West,Corporate,True,738,Low,153,False
CUST-00465,15625.449999999999,2659.9300000000003,3,2023-09-26,2025-08-06,East,Consumer,True,680,Low,143,False
CUST-00466,57411.49,13288.61,16,2023-10-03,2025-07-29,South,Home Office,True,665,Mid,151,False
CUST-00467,74808.25,18062.18,23,2023-07-16,2025-12-03,East,Home Office,True,871,High,24,False
CUST-00468,3449.7,1026.26,5,2023-12-24,2025-07-05,Central,Corporate,True,559,Low,175,False
CUST-00469,38833.18,7463.46,10,2023-10-12,2025-09-09,East,Consumer,True,698,Mid,109,False
CUST-00470,24088.09,8620.490000000002,5,2023-12-17,2025-11-27,South,Consumer,True,711,Low,30,False
CUST-00471,28663.91,7630.66,8,2024-01-09,2025-11-16,Central,Corporate,True,677,Low,41,False
CUST-00472,67955.43,14075.165,18,2023-05-07,2025-10-22,South,Consumer,True,899,High,66,False
CUST-00473,44844.83,8565.38,11,2023-02-03,2025-12-09,West,Home Office,True,1040,Mid,18,False
CUST-00474,24931.79,5226.22,10,2023-03-12,2025-06-29,West,Consumer,True,840,Low,181,True
CUST-00475,65867.63,17747.3,16,2023-01-30,2025-11-02,Central,Corporate,True,1007,High,55,False
CUST-00476,3756.06,553.16,1,2023-10-02,2023-10-02,South,Home Office,False,0,Low,817,True
CUST-00477,13260.669999999998,3410.85,5,2023-12-29,2025-01-28,South,Consumer,True,396,Low,333,True
CUST-00478,16857.25,4423.5,4,2023-12-24,2025-01-15,East,Consumer,True,388,Low,346,True
CUST-00479,32921.69,5197.41,7,2024-05-28,2025-08-19,Central,Corporate,True,448,Mid,130,False
CUST-00480,158497.87,33538.54,39,2023-07-25,2025-11-20,East,Corporate,True,849,High,37,False
CUST-00481,25384.43,7473.15,8,2023-06-02,2025-06-02,West,Consumer,True,731,Low,208,True
CUST-00482,14851.490000000002,3750.29,2,2024-09-09,2025-09-08,South,Corporate,True,364,Low,110,False
CUST-00483,13778.16,3792.62,3,2023-12-20,2025-06-10,West,Home Office,True,538,Low,200,True
CUST-00484,5596.639999999999,757.52,5,2023-12-20,2025-12-25,South,Consumer,True,736,Low,2,False
CUST-00485,106509.56,25088.18,27,2023-05-26,2025-07-29,West,Consumer,True,795,High,151,False
CUST-00486,47231.68,12679.25,9,2024-02-28,2025-05-18,East,Consumer,True,445,Mid,223,True
CUST-00487,4844.17,1024.12,4,2023-08-25,2025-01-31,West,Consumer,True,525,Low,330,True
CUST-00488,116073.12,31900.379999999997,22,2023-06-11,2025-09-17,Central,Consumer,True,829,High,101,False
CUST-00489,17881.14,3468.98,7,2024-04-20,2025-07-06,South,Consumer,True,442,Low,174,False
CUST-00490,47045.09,10232.84,12,2023-11-08,2025-05-06,Central,Corporate,True,545,Mid,235,True
CUST-00491,146693.19,31164.010000000002,42,2023-06-17,2025-10-17,South,Consumer,True,853,High,71,False
CUST-00492,29662.4,9510.51,10,2023-12-24,2025-10-30,South,Home Office,True,676,Low,58,False
CUST-00493,5163.83,-418.2800000000001,4,2024-08-11,2025-08-07,South,Consumer,True,361,Low,142,False
CUST-00494,132414.24,32277.07,26,2023-09-30,2025-08-27,Central,Consumer,True,697,High,122,False
CUST-00495,99904.03,21093.91,29,2023-04-06,2025-10-08,West,Corporate,True,916,High,80,False
CUST-00496,51334.369999999995,17349.05,11,2023-11-16,2025-09-30,West,Home Office,True,684,Mid,88,False
CUST-00497,12304.03,3803.6000000000004,7,2023-07-10,2025-10-23,East,Consumer,True,836,Low,65,False
CUST-00498,10675.64,2321.2999999999997,7,2023-03-04,2025-10-06,West,Consumer,True,947,Low,82,False
CUST-00499,43321.11,10747.83,17,2023-05-05,2025-11-30,South,Consumer,True,940,Mid,27,False
CUST-00500,34949.13,8033.71,12,2023-03-07,2025-09-18,West,Consumer,True,926,Mid,100,False
CUST-00501,27864.059999999998,6676.43,5,2023-12-27,2024-08-03,East,Consumer,True,220,Low,511,True
CUST-00502,38749.700000000004,7324.47,20,2023-07-01,2025-11-20,Central,Consumer,True,873,Mid,37,False
CUST-00503,109854.3,25247.08,41,2023-04-13,2025-10-26,South,Consumer,True,927,High,62,False
CUST-00504,67585.6,16811.43,19,2023-04-02,2025-10-12,South,Consumer,True,924,High,76,False
CUST-00505,11205.17,2034.3500000000001,4,2023-11-16,2025-08-27,West,Home Office,True,650,Low,122,False
CUST-00506,8620.33,2917.0,8,2024-03-13,2025-10-23,West,Corporate,True,589,Low,65,False
CUST-00507,111006.19,32095.31,31,2023-08-30,2025-12-05,Central,Consumer,True,828,High,22,False
CUST-00508,129606.26,33443.7,42,2023-04-25,2025-11-09,East,Consumer,True,929,High,48,False
CUST-00509,42329.42,13564.470000000001,13,2023-09-04,2025-09-07,West,Consumer,True,734,Mid,111,False
CUST-00510,45556.47,14821.119999999999,13,2023-08-26,2025-09-21,East,Consumer,True,757,Mid,97,False
CUST-00511,22643.68,5808.83,5,2024-05-24,2025-09-09,South,Corporate,True,473,Low,109,False
CUST-00512,78133.06999999999,16949.24,13,2023-03-09,2025-09-06,Central,Home Office,True,912,High,112,False
CUST-00513,4481.65,836.0300000000001,4,2023-04-14,2025-07-03,South,Home Office,True,811,Low,177,False
CUST-00514,15567.650000000001,4234.05,3,2024-02-17,2024-07-02,South,Home Office,True,136,Low,543,True
CUST-00515,12898.96,4239.09,4,2024-03-17,2024-10-25,South,Home Office,True,222,Low,428,True
CUST-00516,58552.8,12817.765,23,2023-02-09,2025-11-09,East,Home Office,True,1004,Mid,48,False
CUST-00517,1979.0800000000002,565.58,2,2024-08-19,2025-10-09,South,Consumer,True,416,Low,79,False
CUST-00518,1235.1899999999998,315.09999999999997,2,2024-02-04,2024-11-17,East,Consumer,True,287,Low,405,True
CUST-00519,27284.420000000002,6005.86,8,2023-07-03,2025-06-11,West,Consumer,True,709,Low,199,True
CUST-00520,25958.17,9632.31,4,2024-02-14,2025-04-15,Central,Corporate,True,426,Low,256,True
CUST-00521,28363.13,8028.11,9,2023-03-20,2025-09-23,West,Consumer,True,918,Low,95,False
CUST-00522,18245.27,5441.88,8,2023-11-16,2025-09-20,East,Corporate,True,674,Low,98,False
CUST-00523,33036.45,5497.96,10,2023-09-11,2025-05-15,East,Corporate,True,612,Mid,226,True
CUST-00524,57430.17,7555.76,14,2023-09-03,2025-10-26,South,Consumer,True,784,Mid,62,False
CUST-00525,62095.96,15065.65,19,2024-02-05,2025-10-29,West,Consumer,True,632,High,59,False
CUST-00526,4212.719999999999,649.5899999999999,3,2023-12-13,2025-06-02,West,Consumer,True,537,Low,208,True
CUST-00527,106961.25,27930.6,25,2023-07-08,2025-12-10,South,Consumer,True,886,High,17,False
CUST-00528,110266.45,29373.02,23,2023-07-14,2025-09-10,East,Home Office,True,789,High,108,False
CUST-00529,60714.42,11204.68,19,2023-10-03,2025-09-04,South,Corporate,True,702,Mid,114,False
CUST-00530,81937.17,23983.95,23,2023-05-20,2025-09-28,South,Corporate,True,862,High,90,False
CUST-00531,41078.729999999996,9686.52,15,2023-06-17,2025-09-03,Central,Consumer,True,809,Mid,115,False
CUST-00532,71070.08,13776.0,18,2023-08-20,2025-10-17,East,Consumer,True,789,High,71,False
CUST-00533,80885.23,21671.61,17,2023-11-05,2025-06-04,East,Consumer,True,577,High,206,True
CUST-00534,19566.920000000002,6971.280000000001,6,2023-05-24,2025-07-01,West,Corporate,True,769,Low,179,False
CUST-00535,193490.13999999998,51100.46,51,2023-06-11,2025-09-16,Central,Corporate,True,828,High,102,False
CUST-00536,72943.28,16759.31,19,2024-02-26,2025-09-21,East,Consumer,True,573,High,97,False
CUST-00537,68324.74,21818.2,18,2023-10-04,2025-09-01,West,Home Office,True,698,High,117,False
CUST-00538,8348.050000000001,1858.43,4,2023-11-08,2025-11-01,East,Consumer,True,724,Low,56,False
CUST-00539,18547.9,4735.68,4,2024-08-15,2025-07-28,Central,Home Office,True,347,Low,152,False
CUST-00540,28025.88,6356.02,9,2023-07-31,2025-07-19,East,Consumer,True,719,Low,161,False
CUST-00541,24329.45,3226.0299999999997,7,2024-06-18,2025-06-04,Central,Consumer,True,351,Low,206,True
CUST-00542,47729.38,12111.91,10,2023-12-19,2025-11-02,East,Corporate,True,684,Mid,55,False
CUST-00543,1684.37,119.58000000000001,2,2025-03-03,2025-09-21,East,Consumer,True,202,Low,97,False
CUST-00544,4543.8099999999995,1366.75,4,2024-06-22,2025-07-29,East,Consumer,True,402,Low,151,False
CUST-00545,41370.43,6306.1,11,2023-12-04,2025-10-16,South,Consumer,True,682,Mid,72,False
CUST-00546,55363.270000000004,12263.48,11,2023-03-20,2025-09-26,East,Consumer,True,921,Mid,92,False
CUST-00547,119242.25,27028.99,39,2023-01-17,2025-11-30,West,Corporate,True,1048,High,27,False
CUST-00548,15290.0,1703.47,7,2023-05-16,2025-06-06,Central,Home Office,True,752,Low,204,True
CUST-00549,10820.63,-1193.8600000000001,4,2024-07-13,2025-06-01,Central,Home Office,True,323,Low,209,True
CUST-00550,688.9300000000001,128.20999999999998,1,2025-02-20,2025-02-20,Central,Consumer,False,0,Low,310,True
CUST-00551,29977.21,6904.97,10,2023-04-30,2025-10-06,South,Consumer,True,890,Mid,82,False
CUST-00552,27696.21,7421.349999999999,9,2023-01-17,2025-06-03,West,Consumer,True,868,Low,207,True
CUST-00553,33940.56,8603.85,12,2024-02-29,2025-10-13,South,Consumer,True,592,Mid,75,False
CUST-00554,116293.85,22454.43,40,2023-06-29,2025-11-09,West,Consumer,True,864,High,48,False
CUST-00555,7187.29,1356.04,4,2023-12-19,2025-12-07,South,Home Office,True,719,Low,20,False
CUST-00556,73624.53,18799.435,13,2023-06-24,2025-07-12,Central,Home Office,True,749,High,168,False
CUST-00557,15135.14,3645.52,6,2023-11-18,2025-09-15,Central,Corporate,True,667,Low,103,False
CUST-00558,32803.28,8584.33,6,2023-05-14,2025-10-02,South,Consumer,True,872,Mid,86,False
CUST-00559,10191.1,2254.38,10,2023-03-11,2025-10-09,South,Consumer,True,943,Low,79,False
CUST-00560,18819.02,4857.26,4,2024-10-12,2025-06-09,South,Consumer,True,240,Low,201,True
CUST-00561,15939.93,4883.33,10,2024-02-16,2025-06-16,Central,Consumer,True,486,Low,194,True
CUST-00562,28458.66,5908.61,15,2023-06-26,2025-11-08,East,Consumer,True,866,Low,49,False
CUST-00563,42991.21,12350.11,12,2023-03-03,2025-11-03,West,Consumer,True,976,Mid,54,False
CUST-00564,23446.04,3004.68,7,2023-08-15,2025-07-17,East,Consumer,True,702,Low,163,False
CUST-00565,56538.33,15012.27,21,2023-04-24,2025-11-13,South,Home Office,True,934,Mid,44,False
CUST-00566,12184.25,1695.86,11,2023-11-08,2025-07-06,East,Consumer,True,606,Low,174,False
CUST-00567,19081.969999999998,6449.25,5,2023-09-08,2025-11-17,East,Home Office,True,801,Low,40,False
CUST-00568,10062.6,2869.77,4,2023-09-06,2025-02-04,East,Consumer,True,517,Low,326,True
CUST-00569,38605.59,8407.36,14,2023-07-18,2025-06-13,Central,Corporate,True,696,Mid,197,True
CUST-00570,121532.22,24696.87,47,2023-04-17,2025-11-17,Central,Consumer,True,945,High,40,False
CUST-00571,20404.74,2051.27,6,2023-05-25,2025-10-19,South,Consumer,True,878,Low,69,False
CUST-00572,31218.32,7818.290000000001,8,2024-05-08,2025-10-11,West,Consumer,True,521,Mid,77,False
CUST-00573,35906.1,8621.87,10,2023-06-03,2025-05-24,West,Consumer,True,721,Mid,217,True
CUST-00574,81404.7,14333.57,27,2023-09-09,2025-11-25,East,Home Office,True,808,High,32,False
CUST-00575,54545.89,15108.98,13,2023-03-12,2025-05-28,East,Consumer,True,808,Mid,213,True
CUST-00576,75938.36,18265.74,19,2023-10-17,2025-08-22,West,Corporate,True,675,High,127,False
CUST-00577,49367.7,10584.93,15,2023-03-22,2025-08-08,South,Consumer,True,870,Mid,141,False
CUST-00578,59903.47,14467.69,16,2023-10-29,2025-08-24,Central,Consumer,True,665,Mid,125,False
CUST-00579,15290.980000000001,3981.88,9,2023-10-21,2025-11-26,South,Consumer,True,767,Low,31,False
CUST-00580,109935.0,26623.9,26,2023-07-15,2025-07-16,East,Consumer,True,732,High,164,False
CUST-00581,3935.25,767.73,3,2023-10-02,2024-09-18,East,Home Office,True,352,Low,465,True
CUST-00582,65452.44,17373.48,20,2023-03-11,2025-08-05,South,Corporate,True,878,High,144,False
CUST-00583,36433.78,11308.59,9,2024-01-15,2025-10-31,East,Corporate,True,655,Mid,57,False
CUST-00584,30377.68,8465.98,6,2024-05-24,2025-10-23,East,Consumer,True,517,Mid,65,False
CUST-00585,6100.719999999999,1347.35,3,2024-05-13,2025-06-06,West,Consumer,True,389,Low,204,True
CUST-00586,59172.45,11581.43,18,2023-08-02,2025-10-10,South,Home Office,True,800,Mid,78,False
CUST-00587,18191.690000000002,3807.2299999999996,5,2024-05-03,2025-06-11,Central,Consumer,True,404,Low,199,True
CUST-00588,18491.11,4977.47,4,2024-01-29,2025-09-16,East,Consumer,True,596,Low,102,False
CUST-00589,24062.66,8073.6900000000005,11,2023-09-26,2025-06-01,South,Consumer,True,614,Low,209,True
CUST-00590,44990.24,12974.140000000001,14,2023-05-23,2025-07-31,South,Corporate,True,800,Mid,149,False
CUST-00591,53552.45,15819.64,8,2024-02-09,2025-05-19,South,Corporate,True,465,Mid,222,True
CUST-00592,110595.24,31617.97,29,2023-06-14,2025-11-08,South,Corporate,True,878,High,49,False
CUST-00593,43636.59,9331.19,22,2023-07-30,2025-08-28,East,Corporate,True,760,Mid,121,False
CUST-00594,12148.45,2248.09,5,2023-10-30,2025-06-28,South,Consumer,True,607,Low,182,True
CUST-00595,28461.92,4669.15,4,2024-08-19,2025-07-31,West,Home Office,True,346,Low,149,False
CUST-00596,111451.36,23741.05,27,2023-04-16,2025-11-08,South,Consumer,True,937,High,49,False
CUST-00597,3874.11,896.38,1,2025-05-01,2025-05-01,Central,Corporate,False,0,Low,240,True
CUST-00598,19240.53,6393.46,9,2023-11-14,2025-06-16,South,Consumer,True,580,Low,194,True
CUST-00599,150453.56,36787.82,37,2023-06-14,2025-08-13,Central,Home Office,True,791,High,136,False
CUST-00600,95812.38,28527.71,34,2023-06-30,2025-10-15,Central,Consumer,True,838,High,73,False
CUST-00601,30490.420000000002,8523.53,9,2023-11-10,2025-09-11,Central,Consumer,True,671,Mid,107,False
CUST-00602,24098.3,6045.545,11,2023-05-11,2025-11-26,South,Consumer,True,930,Low,31,False
CUST-00603,35947.02,10500.34,6,2024-03-11,2025-07-16,Central,Consumer,True,492,Mid,164,False
CUST-00604,23062.9,4968.77,12,2024-04-28,2025-07-25,East,Consumer,True,453,Low,155,False
CUST-00605,24628.879999999997,6408.27,3,2024-05-24,2025-08-19,South,Corporate,True,452,Low,130,False
CUST-00606,9486.58,833.02,5,2024-08-18,2025-09-10,Central,Consumer,True,388,Low,108,False
CUST-00607,33625.78,5673.85,12,2023-10-17,2025-11-01,West,Home Office,True,746,Mid,56,False
CUST-00608,1396.6,553.02,4,2023-02-11,2024-11-06,Central,Consumer,True,634,Low,416,True
CUST-00609,45685.12,12381.15,19,2023-05-13,2025-12-09,South,Corporate,True,941,Mid,18,False
CUST-00610,20135.63,5596.38,8,2024-04-27,2025-11-02,South,Consumer,True,554,Low,55,False
CUST-00611,82976.05,21406.2,23,2023-05-08,2025-11-23,South,Corporate,True,930,High,34,False
CUST-00612,103697.68,25822.25,21,2023-08-18,2025-10-29,West,Corporate,True,803,High,59,False
CUST-00613,30808.539999999997,6396.7,7,2023-04-19,2025-12-14,South,Consumer,True,970,Mid,13,False
CUST-00614,35633.94,3534.9100000000003,12,2023-09-01,2025-10-11,West,Home Office,True,771,Mid,77,False
CUST-00615,3044.92,476.41999999999996,4,2023-05-07,2025-08-05,Central,Consumer,True,821,Low,144,False
CUST-00616,26613.089999999997,8058.699999999999,8,2023-08-31,2025-02-28,Central,Consumer,True,547,Low,302,True
CUST-00617,21167.17,7760.389999999999,4,2024-04-11,2025-05-12,East,Corporate,True,396,Low,229,True
CUST-00618,91393.09,23391.19,26,2023-07-26,2025-11-12,West,Corporate,True,840,High,45,False
CUST-00619,48450.39,14412.88,19,2023-11-24,2025-09-01,East,Consumer,True,647,Mid,117,False
CUST-00620,41284.83,9063.87,14,2023-04-04,2025-08-27,East,Consumer,True,876,Mid,122,False
CUST-00621,77632.57,19456.57,27,2023-05-01,2025-11-02,West,Home Office,True,916,High,55,False
CUST-00622,108999.88,22187.659999999996,36,2023-01-22,2025-09-12,West,Corporate,True,964,High,106,False
CUST-00623,16326.46,3985.8199999999997,4,2024-07-17,2025-05-02,East,Home Office,True,289,Low,239,True
CUST-00624,144690.86000000002,40300.13,42,2023-10-29,2025-10-29,West,Consumer,True,731,High,59,False
CUST-00625,3267.9300000000003,614.1700000000001,4,2023-06-30,2025-12-03,Central,Corporate,True,887,Low,24,False
CUST-00626,49062.58,9832.76,12,2024-04-20,2025-09-26,East,Consumer,True,524,Mid,92,False
CUST-00627,42288.03,11517.64,11,2023-06-10,2025-10-12,West,Home Office,True,855,Mid,76,False
CUST-00628,9957.31,3162.22,5,2024-04-26,2025-10-04,West,Consumer,True,526,Low,84,False
CUST-00629,37719.1,6889.85,5,2023-11-07,2025-07-05,Central,Corporate,True,606,Mid,175,False
CUST-00630,16049.16,4264.96,6,2023-05-30,2025-05-04,West,Consumer,True,705,Low,237,True
CUST-00631,1787.06,533.14,3,2023-07-14,2025-09-21,Central,Corporate,True,800,Low,97,False
CUST-00632,27118.89,6761.349999999999,9,2023-12-30,2025-02-21,West,Corporate,True,419,Low,309,True
CUST-00633,99764.47,22977.825,18,2023-08-12,2025-08-01,West,Consumer,True,720,High,148,False
CUST-00634,44216.08,9848.28,12,2023-04-06,2025-09-25,West,Home Office,True,903,Mid,93,False
CUST-00635,15439.38,3232.07,9,2023-08-10,2025-11-09,East,Consumer,True,822,Low,48,False
CUST-00636,33961.91,9710.220000000001,8,2023-08-05,2025-09-01,Central,Corporate,True,758,Mid,117,False
CUST-00637,28278.76,6673.1900000000005,6,2024-05-15,2025-08-19,East,Consumer,True,461,Low,130,False
CUST-00638,25808.93,6044.02,5,2023-11-16,2025-05-11,West,Consumer,True,542,Low,230,True
CUST-00639,96657.59,26379.690000000002,28,2023-03-18,2025-09-19,South,Consumer,True,916,High,99,False
CUST-00640,4941.16,1616.73,4,2024-05-08,2025-10-02,South,Consumer,True,512,Low,86,False
CUST-00641,63163.17,13894.83,16,2023-12-06,2025-10-23,Central,Consumer,True,687,High,65,False
CUST-00642,19965.01,5879.37,11,2023-03-06,2025-09-04,South,Corporate,True,913,Low,114,False
CUST-00643,60780.24,11830.37,18,2023-07-14,2025-12-03,South,Corporate,True,873,Mid,24,False
CUST-00644,64588.96000000001,16467.47,16,2023-12-06,2025-10-09,West,Corporate,True,673,High,79,False
CUST-00645,7096.4,-172.03,1,2024-10-15,2024-10-15,South,Consumer,False,0,Low,438,True
CUST-00646,53296.6,12887.54,22,2024-03-03,2025-11-28,West,Consumer,True,635,Mid,29,False
CUST-00647,68948.98999999999,12224.16,18,2023-05-05,2025-12-06,West,Consumer,True,946,High,21,False
CUST-00648,30730.260000000002,8531.494999999999,14,2024-01-11,2025-10-25,Central,Corporate,True,653,Mid,63,False
CUST-00649,44601.75,10231.4,16,2023-11-02,2025-09-01,South,Home Office,True,669,Mid,117,False
CUST-00650,58438.4,14388.28,14,2023-03-14,2025-08-04,South,Consumer,True,874,Mid,145,False
CUST-00651,121092.11,28577.86,35,2023-04-09,2025-12-26,West,Corporate,True,992,High,1,False
CUST-00652,14665.880000000001,4958.48,9,2023-12-04,2025-11-16,Central,Consumer,True,713,Low,41,False
CUST-00653,91848.43,15652.39,21,2023-05-30,2025-12-05,East,Consumer,True,920,High,22,False
CUST-00654,48056.83,10068.91,16,2023-11-29,2025-11-23,South,Consumer,True,725,Mid,34,False
CUST-00655,7794.04,1451.3700000000001,6,2023-11-26,2025-07-23,Central,Consumer,True,605,Low,157,False
CUST-00656,60476.75,11540.89,20,2023-12-10,2025-09-22,Central,Corporate,True,652,Mid,96,False
CUST-00657,67584.39,22021.11,11,2023-09-28,2025-09-10,South,Home Office,True,713,High,108,False
CUST-00658,16119.36,3873.14,7,2023-04-28,2025-08-15,Central,Consumer,True,840,Low,134,False
CUST-00659,4889.97,1010.16,4,2023-12-10,2025-07-19,East,Consumer,True,587,Low,161,False
CUST-00660,23965.27,7223.62,7,2024-08-06,2025-11-25,West,Corporate,True,476,Low,32,False
CUST-00661,70318.54,13781.59,28,2023-10-31,2025-09-08,East,Home Office,True,678,High,110,False
CUST-00662,39245.49,10495.74,9,2023-07-01,2025-10-30,Central,Corporate,True,852,Mid,58,False
CUST-00663,17978.989999999998,5849.24,7,2024-02-29,2025-06-12,East,Consumer,True,469,Low,198,True
CUST-00664,38527.26,8575.92,5,2023-03-24,2025-08-16,East,Corporate,True,876,Mid,133,False
CUST-00665,3995.54,606.02,3,2023-08-17,2024-11-28,Central,Consumer,True,469,Low,394,True
CUST-00666,50069.04,6933.44,23,2023-08-29,2025-10-20,Central,Home Office,True,783,Mid,68,False
CUST-00667,58730.21,16719.9,27,2023-08-08,2025-11-08,Central,Consumer,True,823,Mid,49,False
CUST-00668,16849.43,4042.78,3,2024-12-15,2025-11-10,South,Corporate,True,330,Low,47,False
CUST-00669,25367.55,6580.08,5,2024-05-12,2025-09-25,South,Consumer,True,501,Low,93,False
CUST-00670,31131.91,8443.779999999999,5,2024-04-24,2025-09-01,East,Consumer,True,495,Mid,117,False
CUST-00671,42471.94,10579.56,10,2023-05-20,2025-10-12,South,Home Office,True,876,Mid,76,False
CUST-00672,16954.53,3659.0900000000006,6,2023-11-17,2025-10-17,Central,Corporate,True,700,Low,71,False
CUST-00673,20093.23,5478.51,7,2023-07-28,2025-09-18,Central,Consumer,True,783,Low,100,False
CUST-00674,24659.66,7634.0599999999995,8,2023-04-26,2025-11-12,East,Home Office,True,931,Low,45,False
CUST-00675,41307.72,12429.43,11,2023-05-03,2025-08-27,Central,Home Office,True,847,Mid,122,False
CUST-00676,39458.64,8973.619999999999,9,2023-11-15,2025-06-20,Central,Consumer,True,583,Mid,190,True
CUST-00677,29712.93,8529.33,7,2023-04-09,2025-09-29,Central,Consumer,True,904,Low,89,False
CUST-00678,119172.17,20627.05,27,2023-05-26,2025-10-19,East,Consumer,True,877,High,69,False
CUST-00679,13110.38,3727.82,7,2023-11-12,2025-08-26,Central,Corporate,True,653,Low,123,False
CUST-00680,22846.22,6697.469999999999,4,2023-12-07,2025-09-25,South,Consumer,True,658,Low,93,False
CUST-00681,53228.68,14150.49,21,2023-09-21,2025-12-26,Central,Consumer,True,827,Mid,1,False
CUST-00682,99396.57,27470.61,25,2023-04-28,2025-11-04,East,Home Office,True,921,High,53,False
CUST-00683,13578.1,4590.18,5,2023-08-25,2025-09-20,South,Home Office,True,757,Low,98,False
CUST-00684,19905.39,5276.629999999999,7,2023-11-24,2025-09-26,South,Corporate,True,672,Low,92,False
CUST-00685,20701.04,5186.79,7,2023-10-12,2025-11-12,East,Home Office,True,762,Low,45,False
CUST-00686,59012.6,11937.54,18,2023-10-27,2025-09-09,South,Corporate,True,683,Mid,109,False
CUST-00687,9436.48,2199.91,4,2023-12-09,2025-08-25,West,Corporate,True,625,Low,124,False
CUST-00688,52754.590000000004,12564.81,13,2023-06-19,2025-05-23,Central,Corporate,True,704,Mid,218,True
CUST-00689,14809.16,4213.82,4,2023-12-23,2025-11-12,West,Consumer,True,690,Low,45,False
CUST-00690,25345.589999999997,6947.780000000001,5,2023-08-02,2025-11-15,South,Consumer,True,836,Low,42,False
CUST-00691,152634.93,35107.08,47,2023-04-14,2025-11-24,South,Consumer,True,955,High,33,False
CUST-00692,15817.32,5241.01,4,2023-11-02,2025-06-13,South,Corporate,True,589,Low,197,True
CUST-00693,73545.07,15602.5,24,2023-06-04,2025-10-02,South,Consumer,True,851,High,86,False
CUST-00694,116069.24,24800.5,38,2023-06-30,2025-11-21,South,Consumer,True,875,High,36,False
CUST-00695,49740.61,10612.45,21,2023-06-14,2025-09-02,East,Corporate,True,811,Mid,116,False
CUST-00696,4558.94,1577.09,2,2024-01-05,2024-11-07,West,Consumer,True,307,Low,415,True
CUST-00697,85455.67,20692.809999999998,28,2023-03-14,2025-11-11,Central,Consumer,True,973,High,46,False
CUST-00698,19193.28,5921.790000000001,5,2023-10-17,2025-10-30,Central,Corporate,True,744,Low,58,False
CUST-00699,14833.689999999999,2536.965,7,2023-06-21,2025-09-13,East,Home Office,True,815,Low,105,False
CUST-00700,40365.79,10590.419999999998,17,2023-08-15,2025-11-05,East,Consumer,True,813,Mid,52,False
CUST-00701,42205.22,12394.22,13,2023-08-26,2025-11-07,Central,Consumer,True,804,Mid,50,False
CUST-00702,35050.2,5689.32,7,2024-05-27,2025-10-02,Central,Consumer,True,493,Mid,86,False
CUST-00703,99034.12,30850.68,13,2023-10-04,2025-08-06,East,Corporate,True,672,High,143,False
CUST-00704,56009.28,14079.54,21,2023-04-03,2025-06-03,East,Corporate,True,792,Mid,207,True
CUST-00705,56970.25,10644.39,20,2023-10-21,2025-12-27,East,Consumer,True,798,Mid,0,False
CUST-00706,31610.219999999998,9542.72,8,2023-12-24,2025-05-18,Central,Corporate,True,511,Mid,223,True
CUST-00707,77639.73,17156.440000000002,18,2023-10-13,2025-11-09,East,Consumer,True,758,High,48,False
CUST-00708,16943.829999999998,4135.68,7,2023-05-18,2025-07-26,Central,Consumer,True,800,Low,154,False
CUST-00709,9132.79,1578.2,3,2024-05-24,2025-04-27,West,Home Office,True,338,Low,244,True
CUST-00710,71971.22,14498.4,17,2023-05-16,2025-11-22,West,Consumer,True,921,High,35,False
CUST-00711,99093.12,26249.48,39,2023-03-09,2025-11-28,Central,Consumer,True,995,High,29,False
CUST-00712,24703.730000000003,4808.33,6,2023-05-21,2025-11-06,Central,Consumer,True,900,Low,51,False
CUST-00713,929.68,262.81,1,2025-03-01,2025-03-01,Central,Corporate,False,0,Low,301,True
CUST-00714,2528.62,102.05000000000001,1,2024-04-09,2024-04-09,South,Home Office,False,0,Low,627,True
CUST-00715,96133.86,19949.12,19,2023-08-12,2025-12-03,South,Home Office,True,844,High,24,False
CUST-00716,495.40999999999997,61.01,2,2024-12-12,2025-10-13,South,Consumer,True,305,Low,75,False
CUST-00717,30801.5,6969.9,7,2024-01-13,2025-11-19,Central,Consumer,True,676,Mid,38,False
CUST-00718,183022.58,42132.585,40,2023-11-21,2025-11-12,West,Corporate,True,722,High,45,False
CUST-00719,14058.279999999999,2670.58,2,2024-05-07,2025-09-14,East,Consumer,True,495,Low,104,False
CUST-00720,25538.7,5533.3099999999995,8,2024-08-26,2025-11-12,Central,Home Office,True,443,Low,45,False
CUST-00721,5640.0599999999995,1558.02,7,2024-05-05,2025-11-02,East,Corporate,True,546,Low,55,False
CUST-00722,79589.53,17938.69,19,2023-06-23,2025-08-27,South,Consumer,True,796,High,122,False
CUST-00723,27922.64,8259.89,8,2023-07-16,2025-08-09,South,Corporate,True,755,Low,140,False
CUST-00724,14271.47,4187.41,6,2023-08-02,2025-09-13,East,Consumer,True,773,Low,105,False
CUST-00725,11696.369999999999,3226.04,7,2024-02-03,2025-07-21,South,Consumer,True,534,Low,159,False
CUST-00726,44887.43,13360.36,12,2023-11-18,2025-11-05,East,Corporate,True,718,Mid,52,False
CUST-00727,44448.93,9750.210000000001,17,2024-06-28,2025-09-29,Central,Consumer,True,458,Mid,89,False
CUST-00728,37980.43,12029.989999999998,6,2023-03-31,2025-09-26,East,Corporate,True,910,Mid,92,False
CUST-00729,42252.59,10657.91,10,2023-05-17,2025-06-26,West,Corporate,True,771,Mid,184,True
CUST-00730,82888.06,18731.41,19,2023-12-10,2025-11-11,Central,Home Office,True,702,High,46,False
CUST-00731,30649.22,7727.26,5,2024-01-12,2025-09-16,Central,Home Office,True,613,Mid,102,False
CUST-00732,44067.11,10578.87,4,2024-09-01,2025-04-02,West,Consumer,True,213,Mid,269,True
CUST-00733,32334.129999999997,7164.349999999999,9,2023-05-25,2025-10-25,South,Consumer,True,884,Mid,63,False
CUST-00734,15754.85,1152.27,4,2024-11-14,2025-09-24,South,Corporate,True,314,Low,94,False
CUST-00735,23787.57,4248.18,6,2024-01-24,2025-09-15,East,Home Office,True,600,Low,103,False
CUST-00736,32561.909999999996,7840.469999999999,8,2024-03-16,2025-10-09,Central,Consumer,True,572,Mid,79,False
CUST-00737,26618.98,5017.905,6,2023-06-16,2024-11-19,Central,Consumer,True,522,Low,403,True
CUST-00738,18539.7,4611.93,8,2023-07-03,2025-11-14,West,Consumer,True,865,Low,43,False
CUST-00739,37948.340000000004,10475.61,11,2024-01-14,2025-10-07,Central,Consumer,True,632,Mid,81,False
CUST-00740,54791.19,9553.45,17,2023-07-26,2025-12-18,South,Corporate,True,876,Mid,9,False
CUST-00741,1703.74,432.53,2,2025-09-22,2025-10-19,South,Consumer,True,27,Low,69,False
CUST-00742,69726.69,20597.545,17,2023-03-25,2025-11-06,South,Corporate,True,957,High,51,False
CUST-00743,20408.37,2751.46,5,2024-07-21,2025-08-03,Central,Corporate,True,378,Low,146,False
CUST-00744,46345.08,9335.22,16,2023-07-04,2025-08-20,West,Corporate,True,778,Mid,129,False
CUST-00745,23974.800000000003,5165.44,6,2023-09-04,2025-11-14,South,Consumer,True,802,Low,43,False
CUST-00746,50091.369999999995,13733.04,13,2023-11-08,2025-12-11,West,Consumer,True,764,Mid,16,False
CUST-00747,914.27,251.45999999999998,2,2023-12-22,2025-10-18,Central,Corporate,True,666,Low,70,False
CUST-00748,279.94,96.69,1,2025-01-15,2025-01-15,West,Corporate,False,0,Low,346,True
CUST-00749,31481.03,10450.48,11,2023-10-28,2025-09-19,West,Consumer,True,692,Mid,99,False
CUST-00750,10722.369999999999,2170.98,5,2023-12-18,2025-12-09,East,Home Office,True,722,Low,18,False
CUST-00751,13201.97,3052.76,3,2024-07-12,2025-05-12,South,Consumer,True,304,Low,229,True
CUST-00752,57241.36,7378.29,12,2024-02-14,2025-09-29,East,Home Office,True,593,Mid,89,False
CUST-00753,90599.02,23786.03,24,2023-08-04,2025-11-16,East,Consumer,True,835,High,41,False
CUST-00754,8268.35,1542.985,4,2023-09-11,2025-09-26,South,Consumer,True,746,Low,92,False
CUST-00755,57216.62,18576.25,21,2023-08-14,2025-12-23,Central,Consumer,True,862,Mid,4,False
CUST-00756,27893.34,2529.61,11,2023-09-22,2025-12-03,West,Consumer,True,803,Low,24,False
CUST-00757,75404.56,17341.97,17,2023-10-06,2025-11-27,Central,Consumer,True,783,High,30,False
CUST-00758,44806.66,12560.15,14,2023-12-13,2025-09-05,West,Consumer,True,632,Mid,113,False
CUST-00759,38436.66,11908.875,12,2023-11-26,2025-08-02,East,Consumer,True,615,Mid,147,False
CUST-00760,7442.8,1030.52,6,2023-07-21,2025-09-11,Central,Corporate,True,783,Low,107,False
CUST-00761,29363.969999999998,5272.59,15,2023-04-08,2025-11-05,East,Consumer,True,942,Low,52,False
CUST-00762,25432.52,3833.51,13,2024-06-25,2025-10-11,Central,Corporate,True,473,Low,77,False
CUST-00763,32765.63,9676.99,7,2024-01-11,2025-09-18,South,Corporate,True,616,Mid,100,False
CUST-00764,36003.95,7649.14,7,2023-12-05,2025-10-04,South,Consumer,True,669,Mid,84,False
CUST-00766,179273.04,39415.24,51,2023-06-15,2025-11-02,South,Home Office,True,871,High,55,False
CUST-00767,3868.08,728.37,8,2023-11-22,2025-09-11,Central,Corporate,True,659,Low,107,False
CUST-00768,49927.26,12799.41,13,2024-04-16,2025-11-03,West,Consumer,True,566,Mid,54,False
CUST-00769,96299.91,27432.32,23,2023-01-21,2025-10-23,East,Corporate,True,1006,High,65,False
CUST-00770,88000.81,23518.37,41,2023-02-25,2025-09-09,West,Consumer,True,927,High,109,False
CUST-00771,13823.789999999999,4329.59,4,2023-12-12,2025-07-08,Central,Consumer,True,574,Low,172,False
CUST-00772,48566.07,10324.380000000001,21,2024-04-01,2025-11-30,South,Corporate,True,608,Mid,27,False
CUST-00773,67244.41,18525.78,24,2023-07-05,2025-12-07,East,Consumer,True,886,High,20,False
CUST-00774,842.04,269.28,1,2024-11-03,2024-11-03,Central,Corporate,False,0,Low,419,True
CUST-00775,75473.95,14215.26,18,2023-05-10,2025-09-28,South,Consumer,True,872,High,90,False
CUST-00776,4029.4899999999993,903.2900000000001,5,2023-02-28,2025-04-30,South,Corporate,True,792,Low,241,True
CUST-00777,33024.1,10245.119999999999,14,2023-12-07,2025-09-25,West,Consumer,True,658,Mid,93,False
CUST-00778,7006.52,1958.4299999999998,5,2024-06-30,2025-11-16,East,Consumer,True,504,Low,41,False
CUST-00779,23124.67,5168.55,4,2023-05-31,2025-10-25,West,Consumer,True,878,Low,63,False
CUST-00780,5715.26,915.42,2,2025-01-12,2025-03-06,South,Consumer,True,53,Low,296,True
CUST-00781,5897.98,1092.2499999999998,2,2025-02-06,2025-08-25,South,Corporate,True,200,Low,124,False
CUST-00782,3410.42,930.5,3,2023-11-13,2025-05-29,Central,Consumer,True,563,Low,212,True
CUST-00783,75965.15,15531.48,18,2023-07-02,2025-08-25,East,Consumer,True,785,High,124,False
CUST-00784,22714.510000000002,6047.34,12,2023-09-23,2025-11-20,East,Consumer,True,789,Low,37,False
CUST-00785,2205.3,781.5,3,2023-12-25,2025-06-22,West,Consumer,True,545,Low,188,True
CUST-00786,41467.72,8935.76,12,2023-06-30,2025-11-05,Central,Corporate,True,859,Mid,52,False
CUST-00787,44396.5,11116.645,13,2023-04-05,2025-08-20,East,Consumer,True,868,Mid,129,False
CUST-00788,11793.119999999999,1528.6399999999999,8,2023-11-14,2025-10-11,Central,Home Office,True,697,Low,77,False
CUST-00789,104709.01000000001,29102.739999999998,32,2023-02-28,2025-11-07,Central,Consumer,True,983,High,50,False
CUST-00790,24688.81,7202.24,6,2023-10-03,2025-04-20,East,Corporate,True,565,Low,251,True
CUST-00791,85846.95,20784.16,23,2023-11-15,2025-10-14,East,Consumer,True,699,High,74,False
CUST-00792,16611.129999999997,3102.6800000000003,5,2024-02-12,2025-11-07,West,Consumer,True,634,Low,50,False
CUST-00793,36277.36,7975.955,10,2023-06-07,2025-07-19,Central,Home Office,True,773,Mid,161,False
CUST-00794,123312.62,28285.54,34,2023-06-18,2025-10-28,South,Home Office,True,863,High,60,False
CUST-00795,89184.98999999999,23632.91,23,2023-02-14,2025-11-20,West,Home Office,True,1010,High,37,False
CUST-00796,18877.41,4474.77,13,2023-10-17,2025-08-24,West,Consumer,True,677,Low,125,False
CUST-00797,30271.08,5940.18,12,2023-04-15,2025-11-26,South,Consumer,True,956,Mid,31,False
CUST-00798,18292.190000000002,3216.07,8,2024-02-10,2025-09-22,West,Corporate,True,590,Low,96,False
CUST-00799,36413.75,9636.11,15,2023-03-25,2025-07-21,West,Consumer,True,849,Mid,159,False
CUST-00800,33432.31,6722.38,20,2023-01-26,2025-09-26,West,Corporate,True,974,Mid,92,False
